,,"Analysis of species listed under the Environment Protection and Biodiversity Conservation Act 1999 which occur in areas affected by bushfires 
between 1 August 2019 and 13 January 2020 in southern and eastern Australia",,,,,,
,,Prepared using data on the extent of fires compiled from state fire authorities intersected with modelled distributions of species prepared by the Department of the Environment and Energy,,,,,,
,,Published by the Department of the Environment and Energy 20 January 2020,,,,,,
,,Copyright Commonwealth of Australia. Licensed by the Commonwealth of Australia for use under a Creative Commons Attribution 4.0 International licence. For licence conditions see: https://creativecommons.org/licenses/by/4.0/ ,,,,,,
,,,,,,,,
,,SUMMARY OF FIRE AND SPECIES ANALYSIS,,,,,,
,,"• This dataset presents a preliminary analysis of species listed under national environmental law, the Environment Protection and Biodiversity Conservation Act 1999, which occur in the areas affected by fires in southern and eastern Australia between 1 August 2019 and 13 January 2020.",,,,,,
,,• The analysis was undertaken by the Australian Government Department of the Environment and Energy on 14 January 2020.,,,,,,
,,• The analysis intersects spatial data on the extent of the fires to date collated from the state fire agencies with modelled distributions of listed species prepared by the Department. It includes listed threatened species and migratory species.,,,,,,
,,"• The analysis includes covers bioregions that have been impacted by fires from south-west Western Australia, southern South Australia, Victoria, southern and eastern New South Wales, south-eastern Queensland and Tasmania. This analysis area may be refined in future versions.",,,,,,
,,"• The species distributions are produced by spatial ecologists in the Department using modelling software and environmental data to map the known and predicted areas of occurrence of listed species, including areas of potential habitat. Such modelling may overestimate the actual range which species occupy, so the data are indicative only.",,,,,,
,,"• Some species may have been included in the dataset that occur near, but not in, the areas affected by the fires.",,,,,,
,,"• Others, such as the Western Ground Parrot Pezoporus flaviventris, may have a larger portion of their actual range affected by fires than this preliminary analysis indicates.",,,,,,
,,• The list will be refined with further investigation and finer scale data.,,,,,,
,,WHAT IS IN THE RESULTS DATASET,,,,,,
,,The dataset includes the following columns:,,,,,,
,,"• Scientific Name is the formal name for the species accepted by the Australian Faunal Directory or Council of Heads of Australasian Herbaria.  The hyperlink included in this column is to the Department of the Environment and Energy’s Species Profile and Threats (SPRAT) database, where a distribution map, conservation advice and/or recovery plans for each species can be viewed.",,,,,,
,,• Common Name is the plain language name(s) used for the species.,,,,,,
,,• Percentage of the species modelled likely and known distribution within fire affected areas is the spatial overlap between the species’ distribution and the mapped extent of the fires.,,,,,,
,,"• Type group species into: Plants, Mammals, Birds, Fish, Reptiles, Frogs, Spiders and Insects",,,,,,
,,"• EPBC Act listed Threatened Status is the category within the Environment Protection and Biodiversity Conservation Act 1999 Threatened Species list that the species is listed in. Categories reflect the risk of extinction, with Critically Endangered species being at greatest risk, then Endangered and Vulnerable species. Criteria for listing in each of these categories are set out in the Environment Protection and Biodiversity Conservation Regulations 2000 and follow the Global IUCN Red List categories and criteria.",,,,,,
,,• EPBC Act listed Migratory Status indicates species which move outside of Australian and are subject to international migratory species conservation agreements. Note that some species are listed as threatened and migratory.,,,,,,
,,• Range states and territories are the states and territories that the species may occur in.,,,,,,
,,PRELIMINARY RESULTS,,,,,,
,,"The results are indicative only, and are just the first step in understanding the potential impacts of the bushfires. Preliminary results indicate that:",,,,,,
,,• 49 listed threatened species have more than 80% of their modelled likely or known distribution within the fire extent;,,,,,,
,,"• a further 65 listed threatened species have more than 50%, but less than 80%, of their modelled likely or known distribution within the fire extent;",,,,,,
,,"• a further 77 listed threatened species have more than 30%, but less than 50%, of their modelled likely or known distribution within the fire extent; and",,,,,,
,,"• a further 136 listed threatened species and 4 listed migratory species have more than 10%, but less than 30%, of their modelled likely or known distribution within the fire extent.",,,,,,
,,"• Please note: 5 species which are listed as migratory (of which 1 is also listed as threatened) have more than 10%, but less than 30%, of their modelled likely or known distribution in Australia within the fire extent. Their range outside of Australia has not been included in this analysis.",,,,,,
,,WHAT THIS ANALYSIS DOESN’T TELL US,,,,,,
,,"• The vulnerability of each species to fire and the on-ground pattern and intensity of fire have not been incorporated into this analysis. Some species are more tolerant to fire than others or have a greater capacity to recover from fire. The fires will not have impacted all areas within the mapped extent equally. For example, the Wollemi Pine Wollemia nobilis occurs within the extent of the fires and appears in the dataset but the Department has received reports that the pines were successfully protected from fire. Some species which were not in the path of the fires have been removed from the results, based on advice from state agencies. Further updates will be made to incorporate local and expert knowledge.",,,,,,
,,"• Species which are not listed under the EPBC Act have not been included in this analysis. Many species not currently listed under national environmental law will have had much of their range affected by the fires and, in some cases, that impact may mean that these species have become threatened. The Department will be considering assessments of these species in the near future.",,,,,,
,,"• In many cases our knowledge about species distributions, fire severity, other threats, and impact on plants and animals is incomplete, and requires updating to inform decisions.",,,,,,
,,NEXT STEPS,,,,,,
,,"• Guided by the Wildlife and Threatened Species Bushfire Recovery Expert Panel, the Department of the Environment and Energy is working with state and territory governments and scientific experts to improve the mapping and determine the likely response of these and other species to fire, and to understand critical knowledge gaps.",,,,,,
,,"• Once it is safe to enter fire-affected areas, authorities will be able to more accurately assess the severity of the fires and the impacts on individual species. Future updates of this dataset will incorporate that information.",,,,,,
,,• Fires are continuing to burn in parts of Australia and the fire extent mapping will be continue to be updated. New information will feed into future updates.  ,,,,,,
,,"• Further information on other natural assets (including threatened ecological communities, heritage places and Ramsar wetlands) will be published in the future.",,,,,,
,,NOTE ON KOALAS,,,,,,
,,"• The population of Koalas in Queensland, New South Wales and the Australian Capital Territory is listed as Vulnerable under national environment law. Koalas also occur in South Australia and Victoria but they are not part of the listed population. The analysis only includes the listed population. The analysis shows that 12 per cent of the modelled likely or known distribution of the listed population of the Koala is within the fire extent.",,,,,,
,,FURTHER INFORMATION,,,,,,
,,• Bushfire recovery package for wildlife and their habitat: http://www.environment.gov.au/biodiversity/bushfire-recovery,,,,,,
,,• Species Profile and Threats (SPRAT) Database: https://www.environment.gov.au/cgi-bin/sprat/public/sprat.pl,,,,,,
,,• Species of National Environmental Significance: https://www.environment.gov.au/science/erin/databases-maps/snes,,,,,,
,,"


",,,,,,
SPRAT ID,Scientific Name,"Scientific Name
with links to  Species Profile and Threats (SPRAT) database for map and conservation documents",Common Name,Percentage of the species modelled likely and known distribution within fire affected areas,Type,EPBC Act listed Threatened Status,EPBC Act listed Migratory Status,Range states and territories
55562,Acacia awestoniana,Acacia awestoniana,Stirling Range Wattle,≥80%,Plant,Vulnerable,,WA
10798,Acacia constablei,Acacia constablei,Narrabarba Wattle,≥80%,Plant,Vulnerable,,NSW
16916,Andersonia axilliflora,Andersonia axilliflora,Giant Andersonia,≥80%,Plant,Endangered,,WA
64838,Baeckea kandos,Baeckea kandos,a shrub,≥80%,Plant,Endangered,,NSW
89125,Bertmainius colonus,Bertmainius colonus,Eastern Stirling Range Pygmy Trapdoor Spider,≥80%,Spider,Vulnerable,,WA
55850,Budawangia gnidioides,Budawangia gnidioides,Budawangs Cliff-heath,≥80%,Plant,Vulnerable,,NSW
56501,Callistemon forresterae,Callistemon forresterae,Forrester's Bottlebrush,≥80%,Plant,Vulnerable,,"NSW, Vic"
64862,Callistemon kenmorrisonii,Callistemon kenmorrisonii,Betka Bottlebrush,≥80%,Plant,Vulnerable,,Vic
15694,Darwinia squarrosa,Darwinia squarrosa,"Fringed Mountain Bell, Pink Mountain Bell",≥80%,Plant,Vulnerable,,WA
76351,Eidothea hardeniana,Eidothea hardeniana,Nightcap Oak,≥80%,Plant,Critically Endangered,,NSW
12623,Eucalyptus imlayensis,Eucalyptus imlayensis,"Imlay Mallee, Mount Imlay Mallee",≥80%,Plant,Endangered,,NSW
64898,Eucalyptus pachycalyx subsp. banyabba,Eucalyptus pachycalyx subsp. banyabba,Banyabba Shiny-barked Gum,≥80%,Plant,Endangered,,NSW
82281,Eucalyptus sp. Howes Swamp Creek (M.Doherty 26),Eucalyptus sp. Howes Swamp Creek (M.Doherty 26),,≥80%,Plant,Endangered,,NSW
78406,Gastrolobium vestitum,Gastrolobium vestitum,,≥80%,Plant,Critically Endangered,,WA
68379,Genoplesium vernale,Genoplesium vernale,East Lynne Midge-orchid,≥80%,Plant,Vulnerable,,NSW
15882,Gentiana bredboensis,Gentiana bredboensis,Bredbo Gentian,≥80%,Plant,Critically Endangered,,NSW
10786,Gentiana wissmannii,Gentiana wissmannii,New England Gentian,≥80%,Plant,Vulnerable,,NSW
22248,Grevillea evansiana,Grevillea evansiana,,≥80%,Plant,Vulnerable,,NSW
64524,Grevillea mollis,Grevillea mollis,,≥80%,Plant,Endangered,,NSW
22052,Grevillea molyneuxii,Grevillea molyneuxii,,≥80%,Plant,Endangered,,NSW
64678,Grevillea rhizomatosa,Grevillea rhizomatosa,,≥80%,Plant,Vulnerable,,NSW
66701,Hakea dohertyi,Hakea dohertyi,a shrub,≥80%,Plant,Endangered,,NSW
21970,Hibbertia marginata,Hibbertia marginata,,≥80%,Plant,Vulnerable,,NSW
89455,Hibbertia sp. Toolbrunup (J.R.Wheeler 2504),Hibbertia sp. Toolbrunup (J.R.Wheeler 2504),,≥80%,Plant,Critically Endangered,,WA
19980,Isopogon fletcheri,Isopogon fletcheri,Fletcher's Drumsticks,≥80%,Plant,Vulnerable,,NSW
85004,Latrobea colophona,Latrobea colophona,,≥80%,Plant,Critically Endangered,,WA
64927,Leionema sympetalum,Leionema sympetalum,Rylstone Bell,≥80%,Plant,Vulnerable,,NSW
21806,Leptospermum thompsonii,Leptospermum thompsonii,Monga Tea-tree,≥80%,Plant,Vulnerable,,NSW
13105,Logania insularis,Logania insularis,,≥80%,Plant,Vulnerable,,SA
64935,Nematolepis frondosa,Nematolepis frondosa,Leafy Nematolepis,≥80%,Plant,Vulnerable,,Vic
64936,Nematolepis rhytidophylla,Nematolepis rhytidophylla,,≥80%,Plant,Vulnerable,,NSW
6710,Olearia cordata,Olearia cordata,,≥80%,Plant,Vulnerable,,NSW
19832,Plinthanthesis rodwayi,Plinthanthesis rodwayi,Budawangs Wallaby-grass,≥80%,Plant,Vulnerable,,NSW
21870,Pomaderris gilmourii var. cana,Pomaderris gilmourii var. cana,Grey Deua Pomaderris,≥80%,Plant,Vulnerable,,NSW
84276,Prasophyllum bagoense,Prasophyllum bagoense,Bago Leek-orchid,≥80%,Plant,Critically Endangered,,NSW
83603,Prasophyllum innubum,Prasophyllum innubum,Brandy Marys Leek-orchid,≥80%,Plant,Critically Endangered,,NSW
83604,Prasophyllum keltonii,Prasophyllum keltonii,Kelton's Leek-orchid,≥80%,Plant,Critically Endangered,,NSW
66703,Prostanthera palustris,Prostanthera palustris,Swamp Mint-bush,≥80%,Plant,Vulnerable,,NSW
20898,Prostanthera staurophylla,Prostanthera staurophylla,a mint-bush,≥80%,Plant,Vulnerable,,NSW
13130,Pultenaea baeuerlenii,Pultenaea baeuerlenii,Budawangs Bush-pea,≥80%,Plant,Vulnerable,,NSW
56699,Pultenaea parrisiae,Pultenaea parrisiae,,≥80%,Plant,Vulnerable,,"NSW, Vic"
87634,Sminthopsis griseoventer aitkeni  (listed as Sminthopsis aitkeni),Sminthopsis griseoventer aitkeni  (listed as Sminthopsis aitkeni),Kangaroo Island Dunnart,≥80%,Mammal,Endangered,,SA
56017,Styphelia perileuca,Styphelia perileuca,,≥80%,Plant,Vulnerable,,NSW
9367,Trachymene scapigera,Trachymene scapigera,Mountain Trachymene,≥80%,Plant,Endangered,,NSW
64543,Triplarina imbricata,Triplarina imbricata,,≥80%,Plant,Endangered,,NSW
17190,Velleia perfoliata,Velleia perfoliata,,≥80%,Plant,Vulnerable,,NSW
16458,Westringia cremnophila,Westringia cremnophila,Snowy River Westringia,≥80%,Plant,Vulnerable,,Vic
56732,Zieria covenyi,Zieria covenyi,Coveny's Zieria,≥80%,Plant,Endangered,,NSW
64546,Zieria floydii,Zieria floydii,,≥80%,Plant,Endangered,,NSW
3134,Acacia flocktoniae,Acacia flocktoniae,Flockton Wattle,50 to <80%,Plant,Vulnerable,,NSW
9848,Acacia georgensis,Acacia georgensis,Bega Wattle,50 to <80%,Plant,Vulnerable,,NSW
5031,Acacia gordonii,Acacia gordonii,,50 to <80%,Plant,Endangered,,NSW
2784,Acacia phasmoides,Acacia phasmoides,Phantom Wattle,50 to <80%,Plant,Vulnerable,,"NSW, Vic"
7559,Acacia ruppii,Acacia ruppii,Rupp's Wattle,50 to <80%,Plant,Endangered,,"NSW, Qld"
21924,Allocasuarina defungens,Allocasuarina defungens,Dwarf Heath Casuarina,50 to <80%,Plant,Endangered,,NSW
21935,Allocasuarina simulans,Allocasuarina simulans,Nabiac Casuarina,50 to <80%,Plant,Vulnerable,,NSW
56308,Almaleea cambagei,Almaleea cambagei,Torrington Pea,50 to <80%,Plant,Vulnerable,,NSW
655,Atrichornis rufescens,Atrichornis rufescens,Rufous Scrub-bird,50 to <80%,Bird,Endangered,,"NSW, Qld"
68511,Baloskion longipes,Baloskion longipes,Dense Cord-rush,50 to <80%,Plant,Vulnerable,,NSW
82696,Banksia montana,Banksia montana,Stirling Range Dryandra,50 to <80%,Plant,Endangered,,WA
78349,Bertya ernestiana,Bertya ernestiana,a shrub,50 to <80%,Plant,Vulnerable,,Qld
8397,Boronia deanei,Boronia deanei,Deane's Boronia,50 to <80%,Plant,Vulnerable,,NSW
64436,Calyptorhynchus lathami halmaturinus,Calyptorhynchus lathami halmaturinus,"Glossy Black-Cockatoo (Kangaroo Island), Glossy Black-Cockatoo (South Australian)",50 to <80%,Bird,Endangered,,SA
3125,Cheiranthera volubilis,Cheiranthera volubilis,Twining Finger Flower,50 to <80%,Plant,Vulnerable,,SA
9174,Coopernookia scabridiuscula,Coopernookia scabridiuscula,,50 to <80%,Plant,Vulnerable,,Qld
17007,Correa baeuerlenii,Correa baeuerlenii,Chef's Cap,50 to <80%,Plant,Vulnerable,,NSW
66626,Correa lawrenceana var. genoensis,Correa lawrenceana var. genoensis,Genoa River Correa,50 to <80%,Plant,Endangered,,"NSW, Vic"
82945,Corunastylis littoralis,Corunastylis littoralis,Tuncurry Midge Orchid,50 to <80%,Plant,Critically Endangered,,NSW
6494,Corybas montanus,Corybas montanus,Small Helmet-orchid,50 to <80%,Plant,Vulnerable,,Qld
17296,Darwinia collina,Darwinia collina,Yellow Mountain Bell,50 to <80%,Plant,Endangered,,WA
83191,Darwinia nubigena,Darwinia nubigena,"Success Bell, Red Mountain Bell",50 to <80%,Plant,Vulnerable,,WA
20644,Deyeuxia drummondii,Deyeuxia drummondii,"Drummond's Grass, Drummond Grass",50 to <80%,Plant,Endangered,,WA
88275,Diuris eborensis,Diuris eborensis,,50 to <80%,Plant,Endangered,,NSW
8700,Epacris hamiltonii,Epacris hamiltonii,,50 to <80%,Plant,Endangered,,NSW
56224,Eucalyptus langleyi,Eucalyptus langleyi,Albatross Mallee,50 to <80%,Plant,Vulnerable,,NSW
59199,Eulamprus leuraensis,Eulamprus leuraensis,Blue Mountains Water Skink,50 to <80%,Reptile,Endangered,,NSW
78405,Gastrolobium luteifolium,Gastrolobium luteifolium,Yellow-leafed Gastrolobium,50 to <80%,Plant,Critically Endangered,,WA
64677,Grevillea banyabba,Grevillea banyabba,,50 to <80%,Plant,Vulnerable,,NSW
22002,Grevillea beadleana,Grevillea beadleana,Beadle's Grevillea,50 to <80%,Plant,Endangered,,NSW
64521,Grevillea guthrieana,Grevillea guthrieana,,50 to <80%,Plant,Endangered,,NSW
64651,Grevillea quadricauda,Grevillea quadricauda,,50 to <80%,Plant,Vulnerable,,"NSW, Qld"
66702,Hakea archaeoides,Hakea archaeoides,,50 to <80%,Plant,Vulnerable,,NSW
16839,Haloragis exalata subsp. velutina,Haloragis exalata subsp. velutina,Tall Velvet Sea-berry,50 to <80%,Plant,Vulnerable,,"NSW, Qld"
6480,Haloragodendron lucasii,Haloragodendron lucasii,Hal,50 to <80%,Plant,Endangered,,NSW
1182,Hoplocephalus bungaroides,Hoplocephalus bungaroides,Broad-headed Snake,50 to <80%,Reptile,Vulnerable,,NSW
4881,Lambertia fairallii,Lambertia fairallii,Fairall's Honeysuckle,50 to <80%,Plant,Endangered,,WA
20311,Lasiopetalum joyceae,Lasiopetalum joyceae,,50 to <80%,Plant,Vulnerable,,NSW
14417,Leucopogon confertus,Leucopogon confertus,Torrington Beard-heath,50 to <80%,Plant,Endangered,,NSW
21609,Leucopogon gnaphalioides,Leucopogon gnaphalioides,Stirling Range Beard Heath,50 to <80%,Plant,Endangered,,WA
64733,Litoria littlejohni,Litoria littlejohni,"Littlejohn's Tree Frog, Heath Frog",50 to <80%,Frog,Vulnerable,,"NSW, Vic"
26170,Maccullochella ikei,Maccullochella ikei,"Clarence River Cod, Eastern Freshwater Cod",50 to <80%,Fish,Endangered,,NSW
86881,Melichrus sp. Gibberagee (Benwell 97239),Melichrus sp. Gibberagee (Benwell 97239),Narrow-leaf Melichrus,50 to <80%,Plant,Endangered,,NSW
82048,Melichrus sp. Newfoundland State Forest (P.Gilmour 7852),Melichrus sp. Newfoundland State Forest (P.Gilmour 7852),Hairy Melichrus,50 to <80%,Plant,Endangered,,NSW
1942,Mixophyes balbus,Mixophyes balbus,"Stuttering Frog, Southern Barred Frog (in Victoria)",50 to <80%,Frog,Vulnerable,,"NSW, Vic"
64937,Nematolepis squamea subsp. coriacea,Nematolepis squamea subsp. coriacea,Harsh Nematolepis,50 to <80%,Plant,Vulnerable,,Vic
2083,Olearia flocktoniae,Olearia flocktoniae,Dorrigo Daisy-bush,50 to <80%,Plant,Endangered,,NSW
7232,Persoonia acerosa,Persoonia acerosa,Needle Geebung,50 to <80%,Plant,Vulnerable,,NSW
16845,Pomaderris brunnea,Pomaderris brunnea,Rufous Pomaderris,50 to <80%,Plant,Vulnerable,,"NSW, Vic"
9597,Pomaderris sericea,Pomaderris sericea,Bent Pomaderris,50 to <80%,Plant,Vulnerable,,"NSW, Vic"
217,Potorous longipes,Potorous longipes,Long-footed Potoroo,50 to <80%,Mammal,Endangered,,"NSW, Vic"
19455,Prasophyllum fuscum,Prasophyllum fuscum,"Tawny Leek-orchid, Slaty Leek-orchid",50 to <80%,Plant,Vulnerable,,NSW
13804,Prasophyllum morganii,Prasophyllum morganii,"Mignonette Leek-orchid, Cobungra Leek-orchid, Dense Leek-orchid",50 to <80%,Plant,Vulnerable,,Vic
86868,Pseudococcus markharveyi,Pseudococcus markharveyi,Banksia montana mealybug,50 to <80%,Insect,Critically Endangered,,WA
98,Pseudomys oralis,Pseudomys oralis,"Hastings River Mouse, Koontoo",50 to <80%,Mammal,Endangered,,"NSW, Qld"
78990,Pultenaea elusa,Pultenaea elusa,Elusive Bush-pea,50 to <80%,Plant,Endangered,,NSW
11887,Pultenaea glabra,Pultenaea glabra,"Smooth Bush-pea, Swamp Bush-pea",50 to <80%,Plant,Vulnerable,,NSW
10271,Pultenaea villifera var. glabrescens,Pultenaea villifera var. glabrescens,"Yellow Bush-pea, Splendid Bush-pea",50 to <80%,Plant,Vulnerable,,SA
87597,Tachyglossus aculeatus multiaculeatus,Tachyglossus aculeatus multiaculeatus,Kangaroo Island Echidna,50 to <80%,Mammal,Endangered,,SA
64544,Triplarina nowraensis,Triplarina nowraensis,Nowra Heath-myrtle,50 to <80%,Plant,Endangered,,NSW
20503,Tylophora woollsii,Tylophora woollsii,,50 to <80%,Plant,Endangered,,"NSW, Qld"
64545,Wollemia nobilis,Wollemia nobilis,Wollemi Pine,50 to <80%,Plant,Critically Endangered,,NSW
64547,Zieria lasiocaulis,Zieria lasiocaulis,Willi Willi Zieria,50 to <80%,Plant,Endangered,,NSW
4634,Zieria murphyi,Zieria murphyi,Velvet Zieria,50 to <80%,Plant,Vulnerable,,NSW
67121,Zoothera lunulata halmaturina,Zoothera lunulata halmaturina,Bassian Thrush (South Australian),50 to <80%,Bird,Vulnerable,,SA
10711,Acacia macnuttiana,Acacia macnuttiana,McNutt's Wattle,30 to <50%,Plant,Vulnerable,,NSW
55608,Acacia meiantha,Acacia meiantha,,30 to <50%,Plant,Endangered,,NSW
3983,Acrophyllum australe,Acrophyllum australe,,30 to <50%,Plant,Vulnerable,,NSW
56088,Angophora robur,Angophora robur,Sandstone Rough-barked Apple,30 to <50%,Plant,Vulnerable,,NSW
14004,Asperula asthenes,Asperula asthenes,Trailing Woodruff,30 to <50%,Plant,Vulnerable,,NSW
82758,Banksia anatona,Banksia anatona,Cactus Dryandra,30 to <50%,Plant,Critically Endangered,,WA
8587,Bertya pinifolia,Bertya pinifolia,a shrub,30 to <50%,Plant,Vulnerable,,"NSW, Qld"
18598,Boronia granitica,Boronia granitica,Granite Boronia,30 to <50%,Plant,Endangered,,"NSW, Qld"
21632,Boronia keysii,Boronia keysii,Key's Boronia,30 to <50%,Plant,Vulnerable,,Qld
2119,Caladenia tessellata,Caladenia tessellata,"Thick-lipped Spider-orchid, Daddy Long-legs",30 to <50%,Plant,Vulnerable,,"NSW, Vic"
85098,Callistemon megalongensis,Callistemon megalongensis,Megalong Valley Bottlebrush,30 to <50%,Plant,Critically Endangered,,NSW
17820,Corokia whiteana,Corokia whiteana,,30 to <50%,Plant,Vulnerable,,NSW
7226,Correa calycina,Correa calycina,Hindmarsh Correa,30 to <50%,Plant,Vulnerable,,SA
19533,Cryptostylis hunteriana,Cryptostylis hunteriana,Leafless Tongue-orchid,30 to <50%,Plant,Vulnerable,,"NSW, Qld, Vic"
12533,Cynanchum elegans,Cynanchum elegans,White-flowered Wax Plant,30 to <50%,Plant,Endangered,,NSW
13188,Darwinia oxylepis,Darwinia oxylepis,Gillam's Bell,30 to <50%,Plant,Endangered,,WA
15626,Darwinia wittwerorum,Darwinia wittwerorum,Wittwer's Mountain Bell,30 to <50%,Plant,Endangered,,WA
533,Dasyornis brachypterus,Dasyornis brachypterus,Eastern Bristlebird,30 to <50%,Bird,Endangered,,"NSW, Qld, Vic"
17311,Daviesia obovata,Daviesia obovata,Paddle-leaf Daviesia,30 to <50%,Plant,Endangered,,WA
64565,Diuris ochroma,Diuris ochroma,Pale Golden Moths,30 to <50%,Plant,Vulnerable,,"NSW, Vic"
83093,Elaeocarpus sedentarius,Elaeocarpus sedentarius,Minyon Quandong,30 to <50%,Plant,Endangered,,NSW
16450,Epacris sparsa,Epacris sparsa,,30 to <50%,Plant,Vulnerable,,NSW
24263,Eucalyptus argutifolia,Eucalyptus argutifolia,"Yanchep Mallee, Wabling Hill Mallee",30 to <50%,Plant,Vulnerable,,WA
56320,Eucalyptus beaniana,Eucalyptus beaniana,Bean's Ironbark,30 to <50%,Plant,Vulnerable,,Qld
2821,Eucalyptus benthamii,Eucalyptus benthamii,"Camden White Gum, Nepean River Gum",30 to <50%,Plant,Vulnerable,,NSW
7827,Eucalyptus macarthurii,Eucalyptus macarthurii,"Camden Woollybutt, Paddys River Box",30 to <50%,Plant,Endangered,,NSW
56153,Eucalyptus parvula,Eucalyptus parvula,Small-leaved Gum,30 to <50%,Plant,Vulnerable,,NSW
7490,Eucalyptus tetrapleura,Eucalyptus tetrapleura,Square-fruited Ironbark,30 to <50%,Plant,Vulnerable,,NSW
4325,Euphrasia arguta,Euphrasia arguta,,30 to <50%,Plant,Critically Endangered,,NSW
64907,Grevillea celata,Grevillea celata,"Colquhoun Grevillea, Nowa Nowa Grevillea",30 to <50%,Plant,Vulnerable,,Vic
64523,Grevillea masonii,Grevillea masonii,,30 to <50%,Plant,Endangered,,NSW
24636,Haloragis exalata subsp. exalata,Haloragis exalata subsp. exalata,"Wingless Raspwort, Square Raspwort",30 to <50%,Plant,Vulnerable,,"NSW, SA, Vic"
1973,Heleioporus australiacus,Heleioporus australiacus,Giant Burrowing Frog,30 to <50%,Frog,Vulnerable,,"NSW, Vic"
12974,Homoranthus darwinioides,Homoranthus darwinioides,,30 to <50%,Plant,Vulnerable,,NSW
14664,Irenepharsus trypherus,Irenepharsus trypherus,"Delicate Cress, Illawarra Irene",30 to <50%,Plant,Endangered,,NSW
11420,Kunzea cambagei,Kunzea cambagei,,30 to <50%,Plant,Vulnerable,,NSW
64923,Leionema equestre,Leionema equestre,,30 to <50%,Plant,Endangered,,SA
1827,Litoria piperata,Litoria piperata,Peppered Tree Frog,30 to <50%,Frog,Vulnerable,,NSW
66669,Litoria verreauxii alpina,Litoria verreauxii alpina,"Alpine Tree Frog, Verreaux's Alpine Tree Frog",30 to <50%,Frog,Vulnerable,,"ACT, NSW, Vic"
66632,Macquaria australasica,Macquaria australasica,Macquarie Perch,30 to <50%,Fish,Endangered,,"ACT, NSW, Vic"
2794,Marsdenia longiloba,Marsdenia longiloba,Clear Milkvine,30 to <50%,Plant,Vulnerable,,"NSW, Qld"
12192,Medicosma elliptica,Medicosma elliptica,,30 to <50%,Plant,Vulnerable,,Qld
1944,Mixophyes iteratus,Mixophyes iteratus,"Giant Barred Frog, Southern Barred Frog",30 to <50%,Frog,Endangered,,"NSW, Qld"
64468,Nannoperca oxleyana,Nannoperca oxleyana,Oxleyan Pygmy Perch,30 to <50%,Fish,Endangered,,"NSW, Qld"
10666,Olax angulata,Olax angulata,Minnie Waters Olax,30 to <50%,Plant,Vulnerable,,NSW
5631,Olearia hygrophila,Olearia hygrophila,"Swamp Daisy, Water Daisy",30 to <50%,Plant,Endangered,,Qld
64684,Parsonsia dorrigoensis,Parsonsia dorrigoensis,Milky Silkpod,30 to <50%,Plant,Endangered,,NSW
12770,Persoonia glaucescens,Persoonia glaucescens,Mittagong Geebung,30 to <50%,Plant,Vulnerable,,NSW
19006,Persoonia hirsuta,Persoonia hirsuta,"Hairy Geebung, Hairy Persoonia",30 to <50%,Plant,Endangered,,NSW
10852,Persoonia marginata,Persoonia marginata,Clandulla Geebung,30 to <50%,Plant,Vulnerable,,NSW
64939,Persoonia micranthera,Persoonia micranthera,Small-flowered Snottygobble,30 to <50%,Plant,Endangered,,WA
225,Petrogale penicillata,Petrogale penicillata,Brush-tailed Rock-wallaby,30 to <50%,Mammal,Vulnerable,,"NSW, Qld, Vic"
17140,Phebalium glandulosum subsp. eglandulosum,Phebalium glandulosum subsp. eglandulosum,Rusty Desert Phebalium,30 to <50%,Plant,Vulnerable,,"NSW, Qld"
40324,Pherosphaera fitzgeraldii,Pherosphaera fitzgeraldii,Dwarf Mountain Pine,30 to <50%,Plant,Endangered,,NSW
2043,Pomaderris cotoneaster,Pomaderris cotoneaster,Cotoneaster Pomaderris,30 to <50%,Plant,Endangered,,"NSW, Vic"
22119,Pomaderris parrisiae,Pomaderris parrisiae,Parris' Pomaderris,30 to <50%,Plant,Vulnerable,,NSW
66645,Potorous tridactylus tridactylus,Potorous tridactylus tridactylus,Long-nosed Potoroo (SE Mainland),30 to <50%,Mammal,Vulnerable,,"NSW, Qld, SA, Tas, Vic"
68496,Prostanthera cryptandroides subsp. cryptandroides,Prostanthera cryptandroides subsp. cryptandroides,Wollemi Mint-bush,30 to <50%,Plant,Vulnerable,,NSW
17616,Prostanthera stricta,Prostanthera stricta,Mount Vincent Mintbush,30 to <50%,Plant,Vulnerable,,NSW
96,Pseudomys novaehollandiae,Pseudomys novaehollandiae,"New Holland Mouse, Pookila",30 to <50%,Mammal,Vulnerable,,"NSW, Qld, Tas, Vic"
22903,Pterostylis oreophila,Pterostylis oreophila,"Blue-tongued Orchid, Kiandra Greenhood",30 to <50%,Plant,Critically Endangered,,"ACT, NSW, Vic"
3787,Ptilotus beckerianus,Ptilotus beckerianus,Ironstone Mulla Mulla,30 to <50%,Plant,Vulnerable,,SA
11768,Rhizanthella slateri,Rhizanthella slateri,Eastern Underground Orchid,30 to <50%,Plant,Endangered,,"NSW, Qld"
13132,Rutidosis heterogama,Rutidosis heterogama,Heath Wrinklewort,30 to <50%,Plant,Vulnerable,,NSW
21490,Rutidosis leiolepis,Rutidosis leiolepis,Monaro Golden Daisy,30 to <50%,Plant,Vulnerable,,NSW
19131,Sarcochilus fitzgeraldii,Sarcochilus fitzgeraldii,Ravine Orchid,30 to <50%,Plant,Vulnerable,,"NSW, Qld"
4124,Sarcochilus hartmannii,Sarcochilus hartmannii,"Waxy Sarcochilus, Blue Knob Orchid",30 to <50%,Plant,Vulnerable,,"NSW, Qld"
87381,Solanum sulphureum,Solanum sulphureum,,30 to <50%,Plant,Endangered,,NSW
87805,Trioza barrettae,Trioza barrettae,Banksia brownii plant louse,30 to <50%,Insect,Endangered,,WA
8830,Uromyrtus australis,Uromyrtus australis,Peach Myrtle,30 to <50%,Plant,Endangered,,NSW
82836,Veronica derwentiana subsp. homalodonta,Veronica derwentiana subsp. homalodonta,Mount Lofty Speedwell,30 to <50%,Plant,Critically Endangered,,SA
24342,Verticordia carinata,Verticordia carinata,Stirling Range Featherflower,30 to <50%,Plant,Vulnerable,,WA
86072,Wollumbinia georgesi,Wollumbinia georgesi,"Georges' Snapping Turtle, Bellinger River Snapping Turtle, Georges Helmeted Turtle",30 to <50%,Reptile,Critically Endangered,,NSW
64983,Xyris exilis,Xyris exilis,Stirling Range Xyris,30 to <50%,Plant,Vulnerable,,WA
56731,Zieria citriodora,Zieria citriodora,Lemon-scented Zieria,30 to <50%,Plant,Vulnerable,,"NSW, Vic"
3087,Zieria involucrata,Zieria involucrata,,30 to <50%,Plant,Vulnerable,,NSW
56736,Zieria tuberculata,Zieria tuberculata,Warty Zieria,30 to <50%,Plant,Vulnerable,,NSW
8575,Acacia bynoeana,Acacia bynoeana,"Bynoe's Wattle, Tiny Wattle",10 to <30%,Plant,Vulnerable,,NSW
21883,Acacia caerulescens,Acacia caerulescens,"Limestone Blue Wattle, Buchan Blue, Buchan Blue Wattle",10 to <30%,Plant,Vulnerable,,Vic
14928,Acacia handonis,Acacia handonis,"Hando's Wattle, Percy Grant Wattle",10 to <30%,Plant,Vulnerable,,Qld
18800,Acacia pubescens,Acacia pubescens,"Downy Wattle, Hairy Stemmed Wattle",10 to <30%,Plant,Vulnerable,,NSW
19799,Acacia pubifolia,Acacia pubifolia,Velvet Wattle,10 to <30%,Plant,Vulnerable,,"NSW, Qld"
13415,Acacia pycnostachya,Acacia pycnostachya,Bolivia Wattle,10 to <30%,Plant,Vulnerable,,"NSW, Qld"
8582,Acronychia littoralis,Acronychia littoralis,Scented Acronychia,10 to <30%,Plant,Endangered,,"NSW, Qld"
21926,Allocasuarina emuina,Allocasuarina emuina,"Emu Mountain Sheoak, Mt Emu She-oak",10 to <30%,Plant,Endangered,,Qld
21927,Allocasuarina thalassoscopica,Allocasuarina thalassoscopica,,10 to <30%,Plant,Endangered,,"NSW, Qld"
81879,Amyema plicatula,Amyema plicatula,,10 to <30%,Plant,Endangered,,NSW
82338,Anthochaera phrygia,Anthochaera phrygia,Regent Honeyeater,10 to <30%,Bird,Critically Endangered,,"ACT, NSW, Qld, SA, Vic"
13451,Archidendron lovelliae,Archidendron lovelliae,"Bacon Wood, Tulip Siris",10 to <30%,Plant,Vulnerable,,Qld
9338,Arthraxon hispidus,Arthraxon hispidus,Hairy-joint Grass,10 to <30%,Plant,Vulnerable,,"NSW, Qld"
56780,Asterolasia elegans,Asterolasia elegans,,10 to <30%,Plant,Endangered,,NSW
3599,Asterolasia phebalioides,Asterolasia phebalioides,Downy Star-bush,10 to <30%,Plant,Vulnerable,,"SA, Vic"
10352,Astrotricha crassifolia,Astrotricha crassifolia,Thick-leaf Star-hair,10 to <30%,Plant,Vulnerable,,NSW
8277,Banksia brownii,Banksia brownii,"Brown's Banksia, Feather-leaved Banksia",10 to <30%,Plant,Endangered,,WA
13792,Bertya opponens,Bertya opponens,,10 to <30%,Plant,Vulnerable,,"NSW, Qld"
78925,Boronia hippopala,Boronia hippopala,Velvet Boronia,10 to <30%,Plant,Vulnerable,,Tas
21315,Boronia repanda,Boronia repanda,"Repand Boronia, Border Boronia",10 to <30%,Plant,Endangered,,"NSW, Qld"
9167,Boronia revoluta,Boronia revoluta,Ironcap Boronia,10 to <30%,Plant,Endangered,,WA
56301,Boronia umbellata,Boronia umbellata,Orara Boronia,10 to <30%,Plant,Vulnerable,,NSW
10059,Bossiaea oligosperma,Bossiaea oligosperma,,10 to <30%,Plant,Vulnerable,,NSW
15961,Bothriochloa bunyensis,Bothriochloa bunyensis,Satin-top Grass,10 to <30%,Plant,Vulnerable,,Qld
267,Burramys parvus,Burramys parvus,Mountain Pygmy-possum,10 to <30%,Mammal,Endangered,,"NSW, Vic"
54991,Caladenia argocalla,Caladenia argocalla,White-beauty Spider-orchid,10 to <30%,Plant,Endangered,,SA
3957,Caladenia ovata,Caladenia ovata,Kangaroo Island Spider-orchid,10 to <30%,Plant,Vulnerable,,SA
55581,Callistemon pungens,Callistemon pungens,,10 to <30%,Plant,Vulnerable,,"NSW, Qld"
88226,Callistemon purpurascens,Callistemon purpurascens,a bottlebrush,10 to <30%,Plant,Critically Endangered,,NSW
66687,Callitris oblonga,Callitris oblonga,"Pygmy Cypress-pine, Pigmy Cypress-pine, Dwarf Cypress-pine",10 to <30%,Plant,Vulnerable,,"NSW, Tas"
7842,Calotis glandulosa,Calotis glandulosa,Mauve Burr-daisy,10 to <30%,Plant,Vulnerable,,"ACT, NSW"
81640,Cassinia tegulata,Cassinia tegulata,Avenue Cassinia,10 to <30%,Plant,Critically Endangered,,SA
183,Chalinolobus dwyeri,Chalinolobus dwyeri,"Large-eared Pied Bat, Large Pied Bat",10 to <30%,Mammal,Vulnerable,,"NSW, Qld"
67099,Cinclosoma punctatum anachoreta,Cinclosoma punctatum anachoreta,"Mt Lofty Ranges Spotted Quail-thrush, Spotted Quail-thrush (Mt Lofty Ranges)",10 to <30%,Bird,Critically Endangered,,SA
4311,Clematis fawcettii,Clematis fawcettii,Stream Clematis,10 to <30%,Plant,Vulnerable,,"NSW, Qld"
59628,Coeranoscincus reticulatus  (listed as Saiphos reticulatus),Coeranoscincus reticulatus  (listed as Saiphos reticulatus),Three-toed Snake-tooth Skink,10 to <30%,Reptile,Vulnerable,,"NSW, Qld"
86263,Corunastylis sp. Charmhaven (NSW 896673),Corunastylis sp. Charmhaven (NSW 896673),Wyong Midge Orchid 2,10 to <30%,Plant,Critically Endangered,,NSW
11976,Cryptocarya foetida,Cryptocarya foetida,"Stinking Cryptocarya, Stinking Laurel",10 to <30%,Plant,Vulnerable,,"NSW, Qld"
64721,Cyclodomorphus praealtus,Cyclodomorphus praealtus,Alpine She-oak Skink,10 to <30%,Reptile,Endangered,,"NSW, Vic"
59714,Cyclopsitta diophthalma coxeni,Cyclopsitta diophthalma coxeni,Coxen's Fig-Parrot,10 to <30%,Bird,Endangered,,"NSW, Qld"
75184,Dasyurus maculatus maculatus (SE mainland population),Dasyurus maculatus maculatus (SE mainland population),"Spot-tailed Quoll, Spotted-tail Quoll, Tiger Quoll (southeastern mainland population)",10 to <30%,Mammal,Endangered,,"ACT, NSW, Qld, SA, Vic"
3567,Daviesia discolor,Daviesia discolor,,10 to <30%,Plant,Vulnerable,,Qld
65037,Daviesia glossosema,Daviesia glossosema,Maroon-flowered Daviesia,10 to <30%,Plant,Critically Endangered,,WA
56747,Daviesia pseudaphylla,Daviesia pseudaphylla,Stirling Range Daviesia,10 to <30%,Plant,Endangered,,WA
24421,Deyeuxia pungens,Deyeuxia pungens,Narrow-leaf Bent-grass,10 to <30%,Plant,Vulnerable,,Vic
21588,Diuris aequalis,Diuris aequalis,Buttercup Doubletail,10 to <30%,Plant,Vulnerable,,NSW
18325,Diuris pedunculata,Diuris pedunculata,"Small Snake Orchid, Two-leaved Golden Moths, Golden Moths, Cowslip Orchid, Snake Orchid",10 to <30%,Plant,Endangered,,"ACT, NSW"
6425,Diuris venosa,Diuris venosa,"Veined Doubletail, Goat Orchid, Veined Donkey-orchid",10 to <30%,Plant,Vulnerable,,NSW
56778,Drakaea confluens,Drakaea confluens,Late Hammer-orchid,10 to <30%,Plant,Endangered,,WA
64570,Eremophila denticulata subsp. trisulcata,Eremophila denticulata subsp. trisulcata,Cumquat Eremophila,10 to <30%,Plant,Endangered,,WA
20890,Eucalyptus aggregata,Eucalyptus aggregata,Black Gum,10 to <30%,Plant,Vulnerable,,"NSW, Vic"
56193,Eucalyptus caleyi subsp. ovendenii,Eucalyptus caleyi subsp. ovendenii,Ovenden's Ironbark,10 to <30%,Plant,Vulnerable,,NSW
56225,Eucalyptus copulans,Eucalyptus copulans,,10 to <30%,Plant,Endangered,,NSW
5670,Eucalyptus glaucina,Eucalyptus glaucina,Slaty Red Gum,10 to <30%,Plant,Vulnerable,,NSW
19330,Eucalyptus kartzoffiana,Eucalyptus kartzoffiana,Araluen Gum,10 to <30%,Plant,Vulnerable,,NSW
20992,Eucalyptus nicholii,Eucalyptus nicholii,"Narrow-leaved Peppermint, Narrow-leaved Black Peppermint",10 to <30%,Plant,Vulnerable,,NSW
64618,Eucalyptus rubida subsp. barbigerorum,Eucalyptus rubida subsp. barbigerorum,Blackbutt Candlebark,10 to <30%,Plant,Vulnerable,,NSW
9640,Eucalyptus scoparia,Eucalyptus scoparia,Wallangarra White Gum,10 to <30%,Plant,Vulnerable,,"NSW, Qld"
4425,Euphrasia bella,Euphrasia bella,"Lamington Eyebright, Mt. Merino Eyebright",10 to <30%,Plant,Vulnerable,,"NSW, Qld"
21521,Euphrasia bowdeniae,Euphrasia bowdeniae,,10 to <30%,Plant,Vulnerable,,NSW
24037,Fontainea australis,Fontainea australis,Southern Fontainea,10 to <30%,Plant,Vulnerable,,"NSW, Qld"
18033,Gentiana wingecarribiensis,Gentiana wingecarribiensis,Wingecarribee Gentian,10 to <30%,Plant,Endangered,,NSW
86880,Gingidia rupicola,Gingidia rupicola,"Mountain Angelica, Broad-leafed Carrot",10 to <30%,Plant,Endangered,,NSW
21872,Grevillea acanthifolia subsp. paludosa,Grevillea acanthifolia subsp. paludosa,Bog Grevillea,10 to <30%,Plant,Endangered,,NSW
16859,Grevillea floripendula,Grevillea floripendula,"Drooping Grevillea, Ben Major Grevillea",10 to <30%,Plant,Vulnerable,,Vic
23811,Grevillea obtusiflora,Grevillea obtusiflora,Grey Grevillea,10 to <30%,Plant,Endangered,,NSW
4243,Grevillea scortechinii subsp. scortechinii,Grevillea scortechinii subsp. scortechinii,Black Grevillea,10 to <30%,Plant,Vulnerable,,"NSW, Qld"
16093,Hakea fraseri,Hakea fraseri,"Gnarled Corkbark, Fraser's Hakea",10 to <30%,Plant,Vulnerable,,NSW
682,Hirundapus caudacutus,Hirundapus caudacutus,White-throated Needletail,10 to <30%,Bird,Vulnerable,Listed,"ACT, NSW, Qld, SA, Tas, Vic"
55186,Homoranthus decumbens,Homoranthus decumbens,a shrub,10 to <30%,Plant,Endangered,,Qld
55189,Homoranthus lunatus,Homoranthus lunatus,,10 to <30%,Plant,Vulnerable,,NSW
55198,Homoranthus prolixus,Homoranthus prolixus,,10 to <30%,Plant,Vulnerable,,NSW
68050,Isoodon obesulus obesulus,Isoodon obesulus obesulus,"Southern Brown Bandicoot (eastern), Southern Brown Bandicoot (south-eastern)",10 to <30%,Mammal,Endangered,,"NSW, SA, Vic"
744,Lathamus discolor,Lathamus discolor,Swift Parrot,10 to <30%,Bird,Critically Endangered,,"ACT, NSW, Qld, SA, Tas, Vic"
64924,Leionema lachnaeoides,Leionema lachnaeoides,,10 to <30%,Plant,Endangered,,NSW
64926,Leionema ralstonii,Leionema ralstonii,,10 to <30%,Plant,Vulnerable,,NSW
14035,Lepidium peregrinum,Lepidium peregrinum,Wandering Pepper-cress,10 to <30%,Plant,Endangered,,"NSW, Qld"
1870,Litoria aurea,Litoria aurea,Green and Golden Bell Frog,10 to <30%,Frog,Vulnerable,,"NSW, Vic"
1844,Litoria booroolongensis,Litoria booroolongensis,Booroolong Frog,10 to <30%,Frog,Endangered,,"ACT, NSW, Vic"
1821,Litoria olongburensis,Litoria olongburensis,Wallum Sedge Frog,10 to <30%,Frog,Vulnerable,,"NSW, Qld"
25959,Litoria spenceri,Litoria spenceri,Spotted Tree Frog,10 to <30%,Frog,Endangered,,"NSW, Vic"
49983,Lobelia gelida,Lobelia gelida,,10 to <30%,Plant,Vulnerable,,Vic
55597,Macadamia jansenii,Macadamia jansenii,"Bulberin Nut, Bulburin Nut Tree",10 to <30%,Plant,Endangered,,Qld
6581,Macadamia tetraphylla,Macadamia tetraphylla,"Rough-shelled Bush Nut, Macadamia Nut, Rough-shelled Macadamia, Rough-leaved Queensland Nut",10 to <30%,Plant,Vulnerable,,"NSW, Qld"
55406,Macrozamia lomandroides,Macrozamia lomandroides,cycad,10 to <30%,Plant,Endangered,,Qld
3412,Macrozamia platyrhachis,Macrozamia platyrhachis,cycad,10 to <30%,Plant,Endangered,,Qld
87617,Mastacomys fuscus mordicus,Mastacomys fuscus mordicus,"Broad-toothed Rat (mainland), Tooarrana",10 to <30%,Mammal,Vulnerable,,"ACT, NSW, Vic"
5583,Melaleuca biconvexa,Melaleuca biconvexa,Biconvex Paperbark,10 to <30%,Plant,Vulnerable,,NSW
5818,Melaleuca deanei,Melaleuca deanei,Deane's Melaleuca,10 to <30%,Plant,Vulnerable,,NSW
64530,Microtis angusii,Microtis angusii,Angus's Onion Orchid,10 to <30%,Plant,Endangered,,NSW
25960,Mixophyes fleayi,Mixophyes fleayi,Fleay's Frog,10 to <30%,Frog,Endangered,,"NSW, Qld"
609,Monarcha melanopsis,Monarcha melanopsis,Black-faced Monarch,10 to <30%,Bird,,Listed,"NSW, Qld, Vic"
612,Myiagra cyanoleuca,Myiagra cyanoleuca,Satin Flycatcher,10 to <30%,Bird,,Listed,"ACT, NSW, Qld, SA, Tas, Vic"
59550,Nangura spinosa,Nangura spinosa,Nangur Spiny Skink,10 to <30%,Reptile,Critically Endangered,,Qld
6404,Neoastelia spectabilis,Neoastelia spectabilis,,10 to <30%,Plant,Vulnerable,,NSW
81858,Notelaea ipsviciensis,Notelaea ipsviciensis,Cooneana Olive,10 to <30%,Plant,Critically Endangered,,Qld
21881,Olearia astroloba,Olearia astroloba,Marble Daisy-bush,10 to <30%,Plant,Vulnerable,,Vic
21465,Olearia microdisca,Olearia microdisca,Small-flowered Daisy-bush,10 to <30%,Plant,Endangered,,SA
56207,Ozothamnus vagans,Ozothamnus vagans,Wollumbin Dogwood,10 to <30%,Plant,Vulnerable,,"NSW, Qld"
26335,Paralucia spinifera,Paralucia spinifera,"Bathurst Copper Butterfly, Purple Copper Butterfly, Bathurst Copper, Bathurst Copper Wing, Bathurst-Lithgow Copper, Purple Copper",10 to <30%,Insect,Vulnerable,,NSW
10838,Paspalidium grandispiculatum,Paspalidium grandispiculatum,a grass,10 to <30%,Plant,Vulnerable,,"NSW, Qld"
5831,Persicaria elatior,Persicaria elatior,"Knotweed, Tall Knotweed",10 to <30%,Plant,Vulnerable,,"NSW, Qld"
56267,Persoonia bargoensis,Persoonia bargoensis,Bargo Geebung,10 to <30%,Plant,Vulnerable,,NSW
254,Petauroides volans,Petauroides volans,Greater Glider,10 to <30%,Mammal,Vulnerable,,"ACT, NSW, Qld, Vic"
5872,Phaius australis,Phaius australis,Lesser Swamp-orchid,10 to <30%,Plant,Endangered,,"NSW, Qld"
85104,"Phascolarctos cinereus (combined populations of Qld, NSW and the ACT)","Phascolarctos cinereus (combined populations of Qld, NSW and the ACT)","Koala (combined populations of Queensland, New South Wales and the Australian Capital Territory)",10 to <30%,Mammal,Vulnerable,,"ACT, NSW, Qld"
55742,Plectranthus nitidus,Plectranthus nitidus,"Nightcap Plectranthus, Silver Plectranthus",10 to <30%,Plant,Endangered,,"NSW, Qld"
21964,Pomaderris halmaturina subsp. halmaturina,Pomaderris halmaturina subsp. halmaturina,Kangaroo Island Pomaderris,10 to <30%,Plant,Vulnerable,,"SA, Vic"
2210,Prasophyllum affine,Prasophyllum affine,"Jervis Bay Leek Orchid, Culburra Leek-orchid, Kinghorn Point Leek-orchid",10 to <30%,Plant,Endangered,,NSW
55148,Prasophyllum wallum,Prasophyllum wallum,Wallum Leek-orchid,10 to <30%,Plant,Vulnerable,,Qld
11233,Prostanthera cineolifera,Prostanthera cineolifera,,10 to <30%,Plant,Vulnerable,,NSW
12233,Prostanthera densa,Prostanthera densa,Villous Mintbush,10 to <30%,Plant,Vulnerable,,NSW
26180,Pseudomugil mellis,Pseudomugil mellis,Honey Blue-eye,10 to <30%,Fish,Vulnerable,,Qld
88,Pseudomys fumeus,Pseudomys fumeus,"Smoky Mouse, Konoom",10 to <30%,Mammal,Endangered,,"ACT, NSW, SA, Vic"
1915,Pseudophryne corroboree,Pseudophryne corroboree,Southern Corroboree Frog,10 to <30%,Frog,Critically Endangered,,NSW
66670,Pseudophryne pengilleyi,Pseudophryne pengilleyi,Northern Corroboree Frog,10 to <30%,Frog,Critically Endangered,,"ACT, NSW"
186,Pteropus poliocephalus,Pteropus poliocephalus,Grey-headed Flying-fox,10 to <30%,Mammal,Vulnerable,,"ACT, NSW, Qld, SA, Vic"
9074,Pterostylis bicornis,Pterostylis bicornis,,10 to <30%,Plant,Vulnerable,,"NSW, Qld"
15459,Pterostylis cucullata,Pterostylis cucullata,Leafy Greenhood,10 to <30%,Plant,Vulnerable,,"NSW, SA, Tas, Vic"
4562,Pterostylis gibbosa,Pterostylis gibbosa,"Illawarra Greenhood, Rufa Greenhood, Pouched Greenhood",10 to <30%,Plant,Endangered,,NSW
6448,Pterostylis pulchella,Pterostylis pulchella,Pretty Greenhood,10 to <30%,Plant,Vulnerable,,NSW
84711,Pterostylis vernalis,Pterostylis vernalis,Halbury Rustyhood,10 to <30%,Plant,Critically Endangered,,NSW
592,Rhipidura rufifrons,Rhipidura rufifrons,Rufous Fantail,10 to <30%,Bird,,Listed,"ACT, NSW, NT, Qld, Vic, WA"
86885,Samadera sp. Moonee Creek (J.King s.n. Nov. 1949),Samadera sp. Moonee Creek (J.King s.n. Nov. 1949),,10 to <30%,Plant,Endangered,,NSW
12673,Sarcochilus weinthalii,Sarcochilus weinthalii,"Blotched Sarcochilus, Weinthals Sarcanth",10 to <30%,Plant,Vulnerable,,"NSW, Qld"
8836,Sophora fraseri,Sophora fraseri,,10 to <30%,Plant,Vulnerable,,"NSW, Qld"
21160,Sphenotoma drummondii,Sphenotoma drummondii,Mountain Paper-heath,10 to <30%,Plant,Endangered,,WA
13771,Spyridium eriocephalum var. glabrisepalum,Spyridium eriocephalum var. glabrisepalum,MacGillivray Spyridium,10 to <30%,Plant,Vulnerable,,SA
19010,Symplocos baeuerlenii,Symplocos baeuerlenii,"Small-leaved Hazelwood, Shrubby Hazelwood",10 to <30%,Plant,Vulnerable,,"NSW, Qld"
83946,Symposiachrus trivirgatus,Symposiachrus trivirgatus,Spectacled Monarch,10 to <30%,Bird,,Listed,"NSW, Qld"
20307,Syzygium paniculatum,Syzygium paniculatum,"Magenta Lilly Pilly, Magenta Cherry, Daguba, Scrub Cherry, Creek Lilly Pilly, Brush Cherry",10 to <30%,Plant,Vulnerable,,NSW
21975,Tasmannia glaucifolia,Tasmannia glaucifolia,Fragrant Pepperbush,10 to <30%,Plant,Vulnerable,,NSW
1889,Taudactylus pleione,Taudactylus pleione,"Kroombit Tinker Frog, Pleione's Torrent Frog",10 to <30%,Frog,Critically Endangered,,Qld
25289,Thaumatoperla alpina,Thaumatoperla alpina,Alpine Stonefly,10 to <30%,Insect,Endangered,,Vic
4168,Thelymitra matthewsii,Thelymitra matthewsii,Spiral Sun-orchid,10 to <30%,Plant,Vulnerable,,"NSW, SA, Vic"
15202,Thesium australe,Thesium australe,"Austral Toadflax, Toadflax",10 to <30%,Plant,Vulnerable,,"ACT, NSW, Qld, Tas, Vic"
18260,Westringia rupicola,Westringia rupicola,,10 to <30%,Plant,Vulnerable,,"NSW, Qld"
86071,Wollumbinia belli,Wollumbinia belli,"Bell's Turtle, Western Sawshelled Turtle, Namoi River Turtle, Bell's Saw-shelled Turtle",10 to <30%,Reptile,Vulnerable,,"NSW, Qld"
76215,Xerochrysum palustre,Xerochrysum palustre,"Swamp Everlasting, Swamp Paper Daisy",10 to <30%,Plant,Vulnerable,,"NSW, SA, Tas, Vic"
4146,Xerothamnella herbacea,Xerothamnella herbacea,,10 to <30%,Plant,Endangered,,Qld
,,,,,,,,
,,,,,,,,
,,,,,,,,
,,,,,,,,
,,,,,,,,
,,,,,,,,
,,,,,,,,
,,,,,,,,
,,,,,,,,
,,,,,,,,
,,,,,,,,
,,,,,,,,
,,,,,,,,
,,,,,,,,
